Order_ID,Quarter,Region,PC_Category,Processor,RAM_GB,Storage_Type,Units_Sold,Unit_Price_INR,Total_Revenue_INR,Net_Profit_INR,Discount_Pct
ORD-2026001,Q3-2026,Chennai / South,Gaming PC,AMD Ryzen 7 7800X3D,16,NVMe SSD,6,127679,766074,153215,0.0
ORD-2026002,Q1-2026,Mumbai / West,Laptop,AMD Ryzen 5 7530U,16,NVMe SSD,10,74026,740260,88831,0.05
ORD-2026003,Q2-2026,Bengaluru / Tech Hub,Workstation,Intel Core i9-14900K,64,NVMe SSD,3,387490,1162470,302242,0.0
ORD-2026004,Q4-2026,Chennai / South,Office PC,Intel Core i5-13400,8,HDD,18,34850,627300,56457,0.1
ORD-2026005,Q1-2026,Delhi / North,Gaming PC,Intel Core i9-14900K,32,NVMe SSD,4,228400,913600,182720,0.0
ORD-2026006,Q2-2026,Kolkata / East,Mini PC,Intel Core i5-1240P,16,NVMe SSD,7,39200,274400,32928,0.05
ORD-2026007,Q3-2026,Mumbai / West,Laptop,Intel Core i7-13700H,16,NVMe SSD,8,88500,708000,99120,0.05
ORD-2026008,Q2-2026,Bengaluru / Tech Hub,Gaming PC,Intel Core i7-14700K,16,NVMe SSD,5,142000,710000,142000,0.0
ORD-2026009,Q4-2026,Chennai / South,Workstation,AMD Threadripper 7960X,64,NVMe SSD,2,420000,840000,210000,0.0
ORD-2026010,Q1-2026,Delhi / North,Office PC,AMD Ryzen 5 5600G,16,SATA SSD,12,41000,492000,49200,0.0
ORD-2026011,Q3-2026,Bengaluru / Tech Hub,Gaming PC,AMD Ryzen 7 7800X3D,32,NVMe SSD,7,185000,1295000,271950,0.05
ORD-2026012,Q2-2026,Mumbai / West,Laptop,Intel Core i5-13500H,8,NVMe SSD,12,62000,744000,89280,0.0
ORD-2026013,Q4-2026,Kolkata / East,Mini PC,AMD Ryzen 5 5500U,8,SATA SSD,9,31000,279000,30690,0.05
ORD-2026014,Q1-2026,Chennai / South,Office PC,Intel Core i3-13100,8,HDD,22,33500,737000,66330,0.1
ORD-2026015,Q3-2026,Delhi / North,Gaming PC,Intel Core i9-14900K,64,NVMe SSD,3,235000,705000,141000,0.0
ORD-2026016,Q2-2026,Bengaluru / Tech Hub,Workstation,Intel Xeon W-2245,32,NVMe SSD,2,290000,580000,139200,0.0
ORD-2026017,Q4-2026,Mumbai / West,Laptop,AMD Ryzen 5 7530U,16,SATA SSD,14,58000,812000,97440,0.05
ORD-2026018,Q1-2026,Chennai / South,Gaming PC,Intel Core i7-14700K,16,SATA SSD,4,132000,528000,95040,0.05
ORD-2026019,Q3-2026,Kolkata / East,Office PC,Intel Core i5-13400,16,NVMe SSD,15,48000,720000,79200,0.0
ORD-2026020,Q2-2026,Delhi / North,Mini PC,Intel N100,8,NVMe SSD,8,26500,212000,23320,0.0
ORD-2026021,Q4-2026,Bengaluru / Tech Hub,Gaming PC,AMD Ryzen 7 7800X3D,32,NVMe SSD,6,192000,1152000,241920,0.05
ORD-2026022,Q1-2026,Mumbai / West,Workstation,AMD Threadripper 7960X,128,NVMe SSD,2,445000,890000,240300,0.0
ORD-2026023,Q3-2026,Chennai / South,Laptop,Intel Core i7-13700H,32,NVMe SSD,6,96000,576000,80640,0.05
ORD-2026024,Q2-2026,Kolkata / East,Office PC,AMD Ryzen 5 5600G,8,HDD,19,36000,684000,54720,0.1
ORD-2026025,Q4-2026,Delhi / North,Gaming PC,Intel Core i9-14900K,32,NVMe SSD,5,230000,1150000,230000,0.0
